Date,Construction status,Buildings operational,Power (MW),H100 equivalents,Total capital cost (2025 USD billions),Performance (8-bit OP/s),Compute cost (2025 USD billions),Construction cost (2025 USD billions),Water use (MGD),Data center,Current H100 equivalents (from Data center)
2021-06-21,Land clearing begins for Building 1.,0,0.0,0.0,0.0,0,0.0,0.0,,Microsoft Goodyear,205145.18579951796
2021-11-25,Land clearing begins.,0,0.0,0.0,0.0,0,0.0,0.0,,Google Omaha,65184.4365841334
2022-04-01,Land clearing begins.,0,0.0,0.0,0.0,0,0.0,0.0,,Meta Temple,173247.6719844078
2022-09-06,Land clearing begins for east buildings,0,0.0,0.0,0.0,0,0.0,0.0,,Google Council Bluffs (East),92470.94492167761
2023-02-05,A traditional H-shaped Meta data center is partially built.,0,0.0,0.0,0.0,0,0.0,0.0,,Meta Temple,173247.6719844078
2023-04-01,"The traditional Meta data center has been demolished mid-construction, in favor of Meta's new AI-optimized design.",0,0.0,0.0,0.0,0,0.0,0.0,,Meta Temple,173247.6719844078
2023-04-09,Land clearing begins for southern part (Building 1-2),0,0.0,0.0,0.0,0,0.0,0.0,,Microsoft Fairwater Atlanta,374125.44637352496
2023-04-24,Building 1 operational. Based on interpolating satellite images from Sentinel-2 and Google Earth.,1,53.0,29150.947924166045,1.62,57689725941924600000,1.1,0.52,,Microsoft Goodyear,205145.18579951796
2023-07-14,Land clearing begins for Building 1.,0,0.0,0.0,0.0,0,0.0,0.0,0.0,Microsoft Fairwater Wisconsin,0
2023-10-02,Land clearing begins,0,0.0,0.0,0.0,0,0.0,0.0,,Amazon Madison Mega Site,214348.14354550533
2023-12-15,Land clearing begins for both Building 1 & Building 2,0,0.0,0.0,0.0,0,0.0,0.0,,Vantage TX1,38706.417382516425
2024-02-09,Land clearing begins in the northern section,0,0.0,0.0,0.0,0,0.0,0.0,,Anthropic-Amazon New Carlisle,685914.059345619
2024-02-24,Land clearing begins,0,0.0,0.0,0.0,0,0.0,0.0,,Amazon Ridgeland,0
2024-04-08,"Building 1 operational, based on it being 6 months after roof was complete, infrastructure looked complete for 5 months.",1,95.0,27589.691763516927,3.0245168123,54600000000000000000,2.054963003,0.9695538093,,Google Omaha,65184.4365841334
2024-04-20,"Building 1 is operational. Based on ~7 months since roof being completed, and cooling towers being installed sometime within that period. Building 2 roof is complete.",1,81.0,23698.837796867105,2.601084459,46900000000000000000,1.767268183,0.833816276,0.8447114305,Google New Albany,207175.3410813542
2024-04-24,"Construction starts with a road added on site, retrofitting a former Electrolux building.",0,0.0,0.0,0.0,0,0.0,0.0,,xAI Colossus 1,275795.85649317835
2024-05-01,Land clearing begins.,0,0.0,0.0,0.0,0,0.0,0.0,,Google Cedar Rapids,0
2024-05-31,Land clearing begins for northern two buildings (Building 1-2),0,0.0,0.0,0.0,0,0.0,0.0,,OpenAI Stargate Abilene,254674.07781707932
2024-06-10,Land clearing begins in the southern section,0,0.0,0.0,0.0,0,0.0,0.0,,Anthropic-Amazon New Carlisle,685914.059345619
2024-07-01,"Building 1-3, which served as production data centers since 2020, have been retrofitted with 129,000 H100 GPUs. Meta [reported](https://engineering.fb.com/2025/09/29/data-infrastructure/metas-infrastructure-evolution-and-the-advent-of-ai/) about this cluster without specifying the buildings, but the buildings are shown directly underneath where they state this. What we call Buildings 1-3 is two and a half H-shaped data centers, which Meta might call five buildings. We also don't know for sure when Meta built this cluster. However, Meta said they previously built two clusters of 24k H100 GPUs each in late 2023 and that the 129k cluster took ""a matter of months"". We think the most likely interpretation of that is mid-2024.",3,172.0,60753.303703333,5.49,120230788028896000000,3.73,1.76,,Meta Prometheus,587818.5896846034
2024-07-19,"Building 1 is operational, based on default roof-to-operational time.",1,65.0,17938.35270338555,2.070330583,35500000000000000000,1.406655349,0.663675234,2.282739726,Google Pryor (North),17938.35270338555
2024-07-23,New chiller configuration starts getting installed on Building 1-3.,0,0.0,0.0,0.0,0,0.0,0.0,,Alibaba Zhangbei,132895.40171803941
2024-07-29,Building 2 has 3 cooling towers installed.,1,95.0,27589.691763516927,3.0245168123,54600000000000000000,2.054963003,0.9695538093,0.088,Google Omaha,65184.4365841334
2024-08-11,First [significant/useful training workload](https://x.ai/colossus) on 25k H100s.,1,45.0,25000.0,1.1600000000000001,49475000000000000000,0.79,0.37,,xAI Colossus 1,275795.85649317835
2024-09-02,[100k H100s online](https://archive.is/z39uN).,1,181.0,100000.0,4.67,197900000000000000000,3.17,1.5,,xAI Colossus 1,275795.85649317835
2024-09-13,"Building 2 is operational. Google Earth imagery shows 6 cooling towers installed as of 2024-04-20, and a final 7th unit appeared as of 2024-09-13, with minimal construction around the building. Building 3 roof is also complete.",2,177.0,53562.40525517939,5.6356829930000005,106000000000000000000,3.829081062,1.806601931,0.9663013699,Google New Albany,207175.3410813542
2024-10-01,"Land clearing begins for Building 1, also known as CB-1, the first AI/HPC building on the site.",0,0.0,0.0,0.0,0,0.0,0.0,0.0,Fluidstack Lake Mariner,19858.514401212735
2024-11-19,"Building 2 is operational, based on it being 8 months since the roof was complete, and surrounding infrastructure looks just completed (finishing the cooling towers).",2,189.0,65184.4365841334,6.049033625,129000000000000000000,4.109926006,1.939107619,,Google Omaha,65184.4365841334
2024-11-19,"Building 1 is operational. Google Earth shows Building 1 had all backup generators and cooling towers installed by the end of August, but construction work was ongoing and there were almost no cars parked. By February 2025, Google Earth shows no construction work and many cars. So our best guess is in the middle, in November 2024. Building 3 roof is complete.",1,95.0,37746.33653360283,3.0300000000000002,74700000000000000000,2.06,0.97,,Google Council Bluffs (East),92470.94492167761
2024-12-20,Land clearing begins.,0,0.0,0.0,0.0,0,0.0,0.0,,Meta Hyperion,0
2025-01-16,Building 2 operational. Based on interpolating satellite images from Sentinel-2 and Google Earth.,2,105.0,58301.89584833199,3.25,115379451883849000000,2.21,1.04,,Microsoft Goodyear,205145.18579951796
2025-01-17,Land clearing begins for Building 1-3.,0,0.0,0.0,0.0,0,0.0,0.0,,QTS Cedar Rapids,0
2025-01-28,"Building 2 is being retrofitted from a warehouse. The roof is being painted white, and cooling towers and a new substation are being built just south of the building (based on later imagery).",1,65.0,17938.35270338555,2.070330583,35500000000000000000,1.406655349,0.663675234,,Google Pryor (North),17938.35270338555
2025-02-02,Building 4 operational. Based on our default estimate of roof-to-operational time.,3,172.0,60753.303703333,5.49,120230788028896000000,3.73,1.76,,Meta Prometheus,587818.5896846034
2025-02-17,"150k H100s and 50k H200s online. This is roughly when Musk [said](https://archive.is/z39uN), plus on this date they [reported]((https://x.ai/colossus)) ""running jobs with 150K+ GPUs"".",1,361.0,200000.0,9.33,395800000000000000000,6.34,2.99,,xAI Colossus 1,275795.85649317835
2025-02-28,Land clearing begins next to the existing building.,0,0.0,0.0,0.0,0,0.0,0.0,,xAI Colossus 2,280837.7920316433
2025-03-06,Second substation almost connected (red cables),1,361.0,,9.33,,6.34,2.99,,xAI Colossus 1,275795.85649317835
2025-03-11,Generators and chillers still being installed on buildings 1-5.,0,0.0,0.0,0.0,0,0.0,0.0,,Amazon Madison Mega Site,214348.14354550533
2025-03-16,Confirmation that there's no obvious construction happening for Building 2. Building 3 roof started.,2,189.0,65184.4365841334,6.049033625,129000000000000000000,4.109926006,1.939107619,,Google Omaha,65184.4365841334
2025-04-21,Confident that Building 2 is operational,2,189.0,65184.4365841334,6.049033625,129000000000000000000,4.109926006,1.939107619,,Google Omaha,65184.4365841334
2025-05-10,Roof complete on building 11,0,0.0,0.0,0.0,0,0.0,0.0,,Anthropic-Amazon New Carlisle,685914.059345619
2025-05-19,Land clearing begins,0,0.0,0.0,0.0,0,0.0,0.0,,Goodnight,0
2025-05-31,"The former [crypto mining](https://investor.galaxy.com/news/news-details/2025/Galaxy-Announces-Commitment-with-CoreWeave-to-Host-Additional-Artificial-Intelligence-and-High-Performance-Computing-Infrastructure-at-Helios-Data-Center-Campus/default.aspx) Helios site begins expanding, with land cleared for additional buildings.",0,0.0,0.0,0.0,0,0.0,0.0,,Coreweave Helios,0
2025-06-01,"Building 3 is operational, based on all cooling units and tanks installed, minimal construction work around the building. Building 4 still has some work around the cooling towers. Work is underway on Building 5 - some walls and a few backup generators are in place.",3,272.0,108640.72764022234,8.670281529,215000000000000000000,5.890893942,2.779387587,,Google New Albany,207175.3410813542
2025-06-01,"Roof complete on Building 8. In the northernmost area, land clearing begins on a new Meta site for Building 19-23. Building 4 still has construction work around the building and cooling equipment.",3,172.0,60753.303703333,5.49,120230788028896000000,3.73,1.76,,Meta Prometheus,587818.5896846034
2025-06-09,Land clearing begins for Building 1 and 2,0,0.0,0.0,0.0,0,0.0,0.0,,OpenAI Stargate UAE,0
2025-06-15,"Building 2 is operational. Assuming it takes 3 months after generators and cooling towers are finished, similar to Building 1.",2,190.0,92470.94492167761,6.050000000000001,183000000000000000000,4.11,1.94,,Google Council Bluffs (East),92470.94492167761
2025-06-23,Buildings 1-7 are operational. Based on all of the roofs being completed for over 5 months.,7,478.0,300087.4009637075,15.251997306,593872966507177000000,10.36274292,4.889254386,,Anthropic-Amazon New Carlisle,685914.059345619
2025-06-23,"Buildings 1-5 are operational, based on roofs being completed 5 months ago and generators being installed by 2025-04-10.",5,341.0,214348.14354550533,10.894283791,424194976076555000000,7.40195923,3.492324561,,Amazon Madison Mega Site,214348.14354550533
2025-06-28,"Building 1 operational. It looks complete including chillers, and it's been 7 months since the roof looked complete. The ""tenant improvement"" work [is not due](https://www.tdlr.texas.gov/TABS/Search/Project/TABS2025000156) until September, but that due date might be conservative for regulatory purposes.",1,147.0,127337.03890853966,4.03,252000000000000000000,2.74,1.29,,OpenAI Stargate Abilene,254674.07781707932
2025-07-19,"Land clearing begins in the southwest, suggesting more buildings are planned.",2,190.0,92470.94492167761,6.050000000000001,183000000000000000000,4.11,1.94,,Google Council Bluffs (East),92470.94492167761
2025-07-22,[30k B200s added](https://archive.is/oHQSA) (in GB200 configuration).,1,442.0,275795.85649317835,11.43,545800000000000000000,7.77,3.66,,xAI Colossus 1,275795.85649317835
2025-08-01,Land clearing begins.,0,0.0,0.0,0.0,0,0.0,0.0,,OpenAI Stargate Shackelford,0
2025-08-27,"Backup generator pads and steel framing for chillers are visible, similar to the [3D renderings](https://www.galaxy.com/data-centers).",0,0.0,0.0,0.0,0,0.0,0.0,,Coreweave Helios,0
2025-09-01,Building 3 and 4 operational. Based on interpolating satellite images from Sentinel-2 and Google Earth.,4,263.0,205145.18579951796,7.9,405982322697246000000,5.37,2.53,,Microsoft Goodyear,205145.18579951796
2025-09-08,"Battery facility connected to the building. 121 air-cooled chillers installed, which could support 200 MW. In the Duke faciltiy in nearby Mississippi, several natural gas turbines are in place but not fully connected up.",0,0.0,0.0,0.0,0,0.0,0.0,,xAI Colossus 2,280837.7920316433
2025-09-17,"Third substation looks completed, but it doesn't appear to be connected to the building yet. Some air-cooled chillers removed, while large cooling towers are added.",1,348.0,209125.08068426175,11.43,413858534674154000000,7.77,3.66,,xAI Colossus 1,275795.85649317835
2025-09-17,"Large substation is visibly connected to transmission lines. New chillers look fully installed on Building 1-3. Since power and cooling is apparently in place, we expect Building 1-3 are operational. Chillers are almost installed on Building 4-6, with construction equipment still around the building.",3,102.0,66195.04800404244,3.241541228,131000000000000000000,2.202417017,1.039124211,,Alibaba Zhangbei,132895.40171803941
2025-09-20,Building 7 (QTS) operational. Based on our default estimate of roof-to-operational time.,3,172.0,60753.303703333,5.49,120230788028896000000,3.73,1.76,,Meta Prometheus,587818.5896846034
2025-09-26,"Building 1 and 2 fully operational, given the chillers look completely installed, the 200 MW substation built in 2022 is available, plus 5x 34-38 MW natural gas turbines looking complete. This is consistent with [Crusoe's impact report](https://cdn.prod.website-files.com/6855c1aa175582ee23e0aa19/68710273a71bb7c11049ba28_Crusoe_Impact_Report_2024.pdf#page=19) from June 2025 saying that 206 MW is expected to be energized in 2025 (unclear if IT power or total facility power, but this normally means IT power). 5 more turbines still under construction. Chillers partly installed for Building 3. Roof complete for Building 4. Larger 1 GW substation not complete yet.",2,295.0,254674.07781707932,8.07,504000000000000000000,5.48,2.59,,OpenAI Stargate Abilene,254674.07781707932
2025-09-26,Building 1 cooling and backup generators all look complete from above but there is still construction visible around the building. Building 2 is well underway with a foundation and a complete substation. Large carpark and concrete area north of Building 2. Building 3 has a concrete foundation and a substation underway.,0,0.0,0.0,0.0,0,0.0,0.0,0.0,Microsoft Fairwater Wisconsin,0
2025-09-26,"Roof complete on building 16. Generators are being installed for buildings 8-15. In the north, Building 17 and 18 are under construction. To the south of buildings 8-16, a concrete pad is visible, and an expanded car park next to it.",7,478.0,300087.4009637075,15.251997306,593872966507177000000,10.36274292,4.889254386,,Anthropic-Amazon New Carlisle,685914.059345619
2025-10-01,"Building 1 is operational. Based on Terawulf [saying](https://investors.terawulf.com/news-events/press-releases/detail/126/terawulf-reports-third-quarter-2025-results) ""As of September 30, 2025, the site has energized 245 MW of Bitcoin-mining capacity and 22.5 MW of HPC capacity."" The small ""Wulf Den"" building was [said](https://investors.terawulf.com/news-events/press-releases/detail/99/terawulf-to-deliver-over-70-mw-of-data-center) to be 2 MW of IT power while CB-1 would be 16 MW. This is roughly consistent with 22.5 MW of total facility power. This building is [leased](https://investors.terawulf.com/news-events/press-releases/detail/99/terawulf-to-deliver-over-70-mw-of-data-center) to Core42, a subsidiary of UAE-based G42. It likely uses NVIDIA DGX B200 servers. ",1,19.0,19858.514401212735,0.62,39300000000000000000,0.42,0.2,0.0,Fluidstack Lake Mariner,19858.514401212735
2025-10-04,Roof complete on Buildings 3,0,0.0,0.0,0.0,0,0.0,0.0,,Amazon Ridgeland,0
2025-10-04,Confirmation that five buildings are fully equipped with cooling and backup generators.,5,341.0,214348.14354550533,10.894283791,424194976076555000000,7.40195923,3.492324561,,Amazon Madison Mega Site,214348.14354550533
2025-10-14,"Building 4 is operational, based on there being minimal construction work and cars in the main carpark. Building 5 still has some construction work around the building. Building 19 (Meta tent) roof is complete. The on-site power at Socrates South and Socrates North has some outlines of gas turbines, to be installed later.",4,263.0,152627.0691496099,8.4,302048969847078000000,5.71,2.69,,Meta Prometheus,587818.5896846034
2025-10-14,"Building 4 is operational, based on all cooling units and tanks installed, minimal construction work around the building. Building 5 roof is half complete. About half of the backup generators are in place. One cooling tower is partly built.",4,407.0,207175.3410813542,13.005422293,410000000000000000000,8.836340913,4.16908138,,Google New Albany,207175.3410813542
2025-10-14,"Building 1 and 2 are [operational](https://news.microsoft.com/source/features/ai/from-wisconsin-to-atlanta-microsoft-connects-datacenters-to-build-its-first-ai-superfactory/). Building 1 looked operational sooner, but the buildings [are paired](https://blogs.microsoft.com/blog/2025/09/18/inside-the-worlds-most-powerful-ai-datacenter/) in the Fairwater design. The roof of Building 4 is almost complete, while mechanical equipment is still being installed.",2,433.0,374125.44637352496,0.0,740394258373206000000,0.0,0.0,,Microsoft Fairwater Atlanta,374125.44637352496
2025-10-16,Building 1 and 2 under construction.,0,0.0,0.0,0.0,0,0.0,0.0,,Goodnight,0
2025-10-17,"Confirmation that nearly 500,000 chips are operational, which fits buildings 1-7. In an [interview](https://www.youtube.com/watch?v=jwgW_gHI1Vs&t=220s), AWS CEO says ""they're already running...about 500,000 [Trainium2] chips in Indiana today"".",7,478.0,300087.4009637075,15.251997306,593872966507177000000,10.36274292,4.889254386,,Anthropic-Amazon New Carlisle,685914.059345619
2025-10-19,"Foundations are underway for the main buildings, and the overall layout aligns with the [architectural renderings](https://engineering.fb.com/2025/09/29/data-infrastructure/metas-infrastructure-evolution-and-the-advent-of-ai/) published in 2025.",0,0.0,0.0,0.0,0,0.0,0.0,,Meta Hyperion,0
2025-10-19,There is still construction visible in the third substation yard and next to the new cooling towers.,1,348.0,209125.08068426175,11.43,413858534674154000000,7.77,3.66,,xAI Colossus 1,275795.85649317835
2025-10-19,"Battery facility looks complete (though more might be added). Turbines look connected up, minimal construction around them. Based on this, and on [earlier](https://x.com/elonmusk/status/1947715674429919279) [tweets](https://x.com/elonmusk/status/1950251710141567110) from Elon Musk, 110,000 NVIDIA GB200 GPUs are operational.",1,299.0,277918.1404749874,8.807369999999999,550000000000000000000,5.984036667,2.823333333,,xAI Colossus 2,280837.7920316433
2025-10-19,"The new substation for Building 2 looks mostly complete, half of the cooling towers are installed. The black patch in the top left of the building suggests that the new roof is not quite complete.",1,65.0,17938.35270338555,2.070330583,35500000000000000000,1.406655349,0.663675234,,Google Pryor (North),17938.35270338555
2025-10-21,"Building 3 has all backup generators in place but they are still being installed. Two cooling towers have fans on them, with more underway. To the south of Building 3, more land has been cleared and there's a new carpark. This suggests another building will soon start construction.",2,189.0,65184.4365841334,6.049033625,129000000000000000000,4.109926006,1.939107619,,Google Omaha,65184.4365841334
2025-10-27,Building 1 cooling towers and generators starting to be put in place. There's a foundation for Building 2 and 3.,0,0.0,0.0,0.0,0,0.0,0.0,,Google Cedar Rapids,0
2025-10-27,"Building 1 roof is complete, with air-cooled chillers in place. Building 2 and 3 roofs are partly completed. Building 4 and 5 have a foundation.",0,0.0,0.0,0.0,0,0.0,0.0,,QTS Cedar Rapids,0
2025-11-02,Land clearing begins for Buildings 1-2.,0,0.0,0.0,0.0,0,0.0,0.0,,Crusoe Abilene Expansion,0
2025-11-07,"Third substation was [expected](https://www.mlgw.com/images/content/files/pdf/new/5-5-25%20xAI%20Update.pdf) to power the building in ""Fall"", so we date this in the middle of Fall. We expect the 12 generators from 2025-09-17 are still present and in use.",1,442.0,275795.85649317835,11.43,545800000000000000000,7.77,3.66,,xAI Colossus 1,275795.85649317835
2025-11-12,Confirmation that Building 3 and 4 look complete.,4,263.0,205145.18579951796,7.9,405982322697246000000,5.37,2.53,,Microsoft Goodyear,205145.18579951796
2025-11-15,"Building 1 and 2 look complete from outside, with all electrical and cooling equipment installed. Space is cleared for Building 3.",0,0.0,0.0,0.0,0,0.0,0.0,,Meta Temple,173247.6719844078
2025-11-16,Building 1 and 2 are partly constructed. No clear evidence of more buildings starting construction.,0,0.0,0.0,0.0,0,0.0,0.0,,OpenAI Stargate UAE,0
2025-12-09,"Building 1 and 2 are operational. Activity related to the air quality permit (namely, emergency diesel generators) was reported to have started as of 2025-12-09. This is our best estimate, but note that the planned completion date in this [regulatory filing](https://www.tdlr.texas.gov/TABS/Search/Project/TABS2022017728) is 2026-03-01.",2,198.0,173247.6719844078,5.83,342857142857143000000,3.96,1.87,,Meta Temple,173247.6719844078
2025-12-23,"Buildings 8-11 are operational, given it's been over 7 months since their roofs were complete, and the backup generators and roof chimneys look complete. The roof is almost complete for Building 17 and 18.",11,751.0,471565.91580011166,23.967424344999998,933228947368421000000,16.28431031,7.683114035,,Anthropic-Amazon New Carlisle,685914.059345619
2025-12-23,Construction on Building 1 and 2 looks about halfway to completion. Foundations and utility trenches are visible for Building 3-4. Building 5-6 have an outline. The substation appears to be expanding.,0,0.0,0.0,0.0,0,0.0,0.0,,Goodnight,0
2025-12-23,"Chillers look fully installed on Building 4-6. Some chillers on Building 4 and 5 appear to have snow in the fan holes, suggesting they are not operating and other chillers are operating (since warm air would melt the snow). There is still a bit of construction equipment around Building 6 so it may not be quite operational.",3,102.0,66195.04800404244,3.241541228,131000000000000000000,2.202417017,1.039124211,,Alibaba Zhangbei,132895.40171803941
2025-12-29,About half of Building 1 generators are in place. Building 2 roofing has started - about where Google Omaha Building 3 was on 2025-03-16.,0,0.0,0.0,0.0,0,0.0,0.0,,Google Cedar Rapids,0
2026-01-03,Expect Building 4-6 have finished upgrading with new chillers.,6,203.0,132895.40171803941,6.483082454,263000000000000000000,4.404834033,2.078248421,,Alibaba Zhangbei,132895.40171803941
2026-01-11,"Building 3 has all 34 backup generators installed and 4 cooling towers installed, with 3 more cooling towers under construction. There are gaps between cooling towers suggesting that more could be added. Buildings 1 and 2 are running close to full capacity, given that water vapor is coming out of 5 of 7 cooling towers for each building. The land cleared in the southwest appears to be shaped for two more similar buildings, with notches for substations.",2,190.0,92470.94492167761,6.050000000000001,183000000000000000000,4.11,1.94,,Google Council Bluffs (East),92470.94492167761
2026-01-13,"Since October, an array of dry cooling air-cooled condensers has been added (the array of large fans to the left of the building), and appears almost complete. Two more similar arrays appear to be under construction. More air-cooled chillers, batteries, and gas turbines have also been installed.",1,302.0,280837.7920316433,8.899895272,555777990430622000000,6.046901588,2.852993684,,xAI Colossus 2,280837.7920316433
2026-01-15,"The 1 GW substation looks close to completion. Building 3 appears to have all power and cooling equipment installed, but there are still signs of construction work. This seems on track for operation in 3 months. Building 4 has about 80% of chillers installed. Other buildings have few or no chillers installed.",2,295.0,254674.07781707932,8.07,504000000000000000000,5.48,2.59,,OpenAI Stargate Abilene,254674.07781707932
2026-01-15,Land clearing continues.,0,0.0,0.0,0.0,0,0.0,0.0,,Crusoe Abilene Expansion,0
2026-01-18,"Building 5-10 are operational, based on all equipment being in place, the paved ground, and minimal construction equipment by the buildings. Building 11-15 all have some kind of power or cooling equipment lining their right side which are not fully installed. Building 17 has chillers installed. Building 19-23 roofs are complete. The Socrates South power plant to the right of Buildings 11-15 has 7 gas turbines in place, judging by the exhaust stacks.",10,606.0,497556.6446847544,19.34,984664599831129000000,13.14,6.2,,Meta Prometheus,587818.5896846034
2026-01-18,"Water vapor from cooling towers is present across Building 1-4, confirming their operation. Building 5 roof is still incomplete, but most backup generators and 5 cooling towers have been installed.",4,407.0,207175.3410813542,13.005422293,410000000000000000000,8.836340913,4.16908138,,Google New Albany,207175.3410813542
2026-01-18,The layout of Buildings 1-5 is visible. Steel framing has just started on Building 1.,0,0.0,0.0,0.0,0,0.0,0.0,,OpenAI Stargate Shackelford,0
2026-02-09,"Buildings 12-16 still have a few generators that look incomplete, so they are unlikely to be operational just yet. Buildings 17-18 still have ongoing roof work, no generators.",11,751.0,471565.91580011166,23.9674243,933228947368421000000,16.2843103,7.683114,,Anthropic-Amazon New Carlisle,685914.059345619
2026-02-11,"All air-cooled chillers have been disconnected and/or removed from the site, leaving only the cooling towers for cooling. The third substation looks complete, with red cables connected to the building.",1,425.0,275795.85649317835,11.43,545800000000000000000,7.77,3.66,,xAI Colossus 1,275795.85649317835
2026-02-13,"Building 4 roof is complete and all mechanical equipment appears to be installed. However, there is still a lot of construction activity around the building. We expect another 3 months for finishing touches and commissioning before it's operational.",2,433.0,374125.44637352496,11.86,740394258373206000000,8.06,3.8,,Microsoft Fairwater Atlanta,374125.44637352496
2026-02-15,"Building 1 operational; Roads around Building 1 complete, all cooling and side generator equipment construction has since finished as well. Although this is still earlier than the completion date reported on TDLR, based on the appearance, we believe it is operational. Reported IT power of 32 MW. [Source](https://www.tdlr.texas.gov/TABS/Search/Project/TABS2024007561)",1,44.8,38706.417382516425,1.22,76600000000000000000,0.83,0.39,,Vantage TX1,38706.417382516425
2026-02-27,Building 16 (Vantage) [operational](https://vantage-dc.com/data-center-locations/north-america/new-albany-ohio),11,695.0,587818.5896846034,22.2,1.16329298898583e+21,15.08,7.12,,Meta Prometheus,587818.5896846034
2026-03-02,"Buildings 1-3 all appear to have a complete building and cooling equipment. Building 4 shell is still under construction, but 17 cooling units are already loaded on the roof. The outline of Building 5 is visible at the foundation.",1,19.0,19858.514401212735,0.62,39300000000000000000,0.42,0.2,0.0,Fluidstack Lake Mariner,19858.514401212735
2026-03-23,"Buildings 12-16 are operational. Based on how long previous buildings took, when they were in a similar state to Buildings 12-16 in December.",16,1092.0,685914.059345619,34.861708140000005,1.35742392344498e+21,23.68626954,11.1754386,,Anthropic-Amazon New Carlisle,685914.059345619
2026-03-29,"Building 1 is operational. There was still a lot of work to be done on generators and cooling towers as of December, and winter will slow construction. The time from the roof being completed to operational was 7-8 months at Google Omaha, a similar data center.",1,105.0,71248.10510358767,3.34,141000000000000000000,2.27,1.07,,Google Cedar Rapids,0
2026-03-31,"Building 1 operational. Latest [prediction](https://blogs.microsoft.com/on-the-issues/2025/09/18/made-in-wisconsin-the-worlds-most-powerful-ai-datacenter/) from Microsoft is ""early 2026"" so we conservatively assume end of March.",1,555.0,558827.6907529056,17.71,1.10592e+21,12.03,5.68,0.00771,Microsoft Fairwater Wisconsin,0
2026-03-31,"Building 2 is operational. On February 26, Terawulf [stated](https://investors.terawulf.com/news-events/press-releases/detail/132/terawulf-reports-fourth-quarter-and-full-year-2025-results) that CB2A is operational, presumably making up half the final capacity. CB2B was expected in March 2026. This building is [leased](https://investors.terawulf.com/news-events/press-releases/detail/99/terawulf-to-deliver-over-70-mw-of-data-center) to Core42, a subsidiary of UAE-based G42. It likely uses NVIDIA DGX B200 servers. ",2,68.0,71753.4108135422,2.2199999999999998,142000000000000000000,1.51,0.71,0.0,Fluidstack Lake Mariner,19858.514401212735
2026-04-01,"Building 3 and 4 operational, based on Building 4 construction [end date](https://www.tdlr.texas.gov/TABS/Search/Project/TABS2025014756).",4,590.0,510358.7670540677,16.14,1.01e+21,10.97,5.17,,OpenAI Stargate Abilene,254674.07781707932
2026-05-08,Building 3 is operational. Based on building 2 time from foundation to completion.,3,284.0,135927.23597776654,9.073550437,269000000000000000000,6.164889009,2.908661428,,Google Omaha,65184.4365841334
2026-05-13,"The facility is at the full ~1 gigawatt, 550,000 GPU capacity that was planned as of mid-2025. The timing is based on the air-cooled condensers needing to be complete to handle this power capacity. On 2026-01-13, the third (presumed to be final) array of condensers was roughly at the stage that the first array of condensers was 3 months prior, in October. Based on that, we estimate it will be completed 3 months later, in April 2026. Other components can be completed in parallel to that, but we estimate about a month more will still be needed to put the finishing touches on the data center. That brings the estimated timing to May 2026.",1,1494.0,1389590.7023749368,44.03685,2.75e+21,29.92018333,14.11666667,,xAI Colossus 2,280837.7920316433
2026-05-14,Building 3 and 4 are operational.,4,859.0,741312.6965053765,23.490000000000002,1.46705782638414e+21,15.96,7.53,,Microsoft Fairwater Atlanta,374125.44637352496
2026-05-17,"Building 2 is operational. It took about 6 months to build the first set of cooling towers and the second set was just starting in October, so that should take until around April 2026. The new roof looked on track to be completed in December and by default we assume operation 5 months after that (i.e. also April 2026). But we estimate that previous buildings on this campus took a month or two longer, so our best estimate is May 2026.",2,454.0,308236.4830722587,14.492314081,610000000000000000000,9.846587443,4.645726638,,Google Pryor (North),17938.35270338555
2026-05-18,"Building 11-15 (Meta tents) are operational. In January we saw them look almost complete, with some work still ongoing for power equipment. Assuming 3 more months for commissioning, we expect operation by May.",16,895.0,789296.1454878423,28.580000000000002,1.56201707192044e+21,19.42,9.16,,Meta Prometheus,587818.5896846034
2026-05-19,"Buildings 1-4 are operational. Buildings 1-2 had roofs as of 2025-09-21 are likely operational in 5 months, but buildings 3-4 appear about 3 months behind them, suggesting an 8-month total duration.",4,273.0,171478.51483640424,8.715427033000001,339355980861244000000,5.921567384,2.793859649,,Amazon Ridgeland,0
2026-05-28,"Building 17 (Vantage) operational, based on it starting construction about 3 months after Building 1.",17,985.0,879558.0904876958,31.439999999999998,1.74064546107515e+21,21.36,10.08,,Meta Prometheus,587818.5896846034
2026-05-31,"Building 3 is operational. On February 26, Terawulf [stated](https://investors.terawulf.com/news-events/press-releases/detail/132/terawulf-reports-fourth-quarter-and-full-year-2025-results) that CB3 was expected to be energized by mid-May 2026. This building is [leased](https://investors.terawulf.com/news-events/press-releases/detail/112/terawulf-signs-200-mw-10-year-ai-hosting-agreements-with) to Fluidstack, likely contains [Google TPUs](https://www.datacenterdynamics.com/en/news/google-offers-its-tpus-to-ai-cloud-providers-report/), and is likely used by [Anthropic](https://www.anthropic.com/news/anthropic-invests-50-billion-in-american-ai-infrastructure).",3,117.0,109651.33906013137,3.83,217000000000000000000,2.6,1.23,0.0,Fluidstack Lake Mariner,19858.514401212735
2026-06-10,"Building 3 is operational. Assuming it takes 2 months to install all 7 cooling towers, then another 3 months for final touches and commissioning.",3,284.0,163213.74431531076,9.08,323000000000000000000,6.17,2.91,,Google Council Bluffs (East),92470.94492167761
2026-06-15,"Building 1 operational. First two buildings are [expected to complete construction by Spring 2026](https://web.archive.org/web/20250923144616/https://www.facebook.com/plugins/post.php?href=https%3A%2F%2Fwww.facebook.com%2Farmdems%2Fposts%2Fupdate-on-lima-road-and-the-data-center-from-armstrong-county-democratic-chair-s%2F122148303506797709%2F). We use the midpoint of Spring (2026-04-15) as a best guess for completion. But this is when the buildings are ""turned over to the tenant"", so it might take more time to install the IT equipment and commission the data center - we think about 2 months. So we estimate 2026-06-15. This [regulatory document](https://www.tdlr.texas.gov/TABS/Search/Project/TABS2025027064) lists the completion date for Building 1 as 2026-09-12 but this is probably conservative.",1,132.5,124513.12948640171,3.945885646,246411483253589000000,2.680973365,1.264912281,,Goodnight,0
2026-06-21,"Buildings 17-18 are operational. This is an estimate based on a rule of thumb of ""operational 5 months after roof is complete"", assuming the roofs took one more month after 2025-12-23.",18,1229.0,771653.3167638201,39.21942165,1.5271019138756e+21,26.64705323,12.57236842,21.0,Anthropic-Amazon New Carlisle,685914.059345619
2026-06-30,"Building 1 operational at full capacity. This corresponds to ""Phase I"", which is [expected](https://investor.galaxy.com/news/news-details/2025/Galaxy-Announces-Third-Quarter-2025-Financial-Results/default.aspx) to be operational by the end of the first half of 2026.",1,200.0,159551.768236855,5.0600000000000005,315752949340736000000,3.44,1.62,,Coreweave Helios,0
2026-07-01,"Building 5-8 operational, based on the latest construction end date ([Building 8](https://www.tdlr.texas.gov/TABS/Search/Project/TABS2025019022)), [news](https://www.enr.com/articles/61133-project-team-pushes-limits-on-abilene-data-center-job).",8,1180.0,1020717.5341081354,32.28,2.02e+21,21.93,10.35,,OpenAI Stargate Abilene,254674.07781707932
2026-08-15,"Building 2 operational. The completion date for [Building 2 Tenant Improvement](https://www.tdlr.texas.gov/TABS/Search/Project/TABS2025027065) is 2026-11-07, about 2 months later than Building 1. We therefore add 2 months to the Building 1 operational date.",2,265.0,249026.25897280293,7.8917712909999995,492822966507177000000,5.36194673,2.529824561,,Goodnight,0
2026-08-26,"Building 18 (Vantage) operational, based on it starting construction about 3 months after building 2.",18,1075.0,969820.0354875443,34.31,1.91927385022985e+21,23.31,11.0,,Meta Prometheus,587818.5896846034
2026-09-18,"Buildings 1-12 are operational. The outline of buildings 1-5 was evident on 2024-05-19 and estimated to be operational 1 year later. Assuming the same timeline, buildings 6-12 should be complete by 2026-09-18. This also roughly aligns with [expected completion by 2027](https://www.datacenterdynamics.com/en/news/aws-confirmed-as-company-behind-10bn-mississippi-data-center-development/)",12,819.0,514435.54450921173,26.146281097,1.01806794258373e+21,17.76470215,8.381578947,,Amazon Madison Mega Site,214348.14354550533
2026-09-30,Building 3 is operational. Based on the stated completion date in this [regulatory filing](https://www.tdlr.texas.gov/TABS/Search/Project/TABS2026008019),3,238.0,208318.05092862,7.0,412261422787739000000,4.76,2.24,,Meta Temple,173247.6719844078
2026-10-01,"Socrates South and Socrates North gas power plants are operational, coinciding with Building 19-24 being operational. Based [on](https://dis.puc.state.oh.us/CaseRecord.aspx?CaseNo=25-0188-EL-BGN) [documents](https://dis.puc.state.oh.us/ViewImage.aspx?CMID=A1001001A25E29B42006E01696) [stating](https://www.williams.com/wp-content/uploads/sites/8/2025/03/Socrates-North-Fact-Sheet-Final-1.pdf) ""late Third or early Fourth Quarter of 2026"", ""late 2026"", ""November 2026"", ""third quarter of 2026"".",24,1275.0,1171297.5912907831,40.68,2.31799793316446e+21,27.64,13.04,,Meta Prometheus,587818.5896846034
2026-10-31,"Building 4 is operational. On February 26, Terawulf [stated](https://investors.terawulf.com/news-events/press-releases/detail/132/terawulf-reports-fourth-quarter-and-full-year-2025-results) that CB4 was expected to be energized by Q3 2026. This building is [leased](https://investors.terawulf.com/news-events/press-releases/detail/112/terawulf-signs-200-mw-10-year-ai-hosting-agreements-with) to Fluidstack, likely contains [Google TPUs](https://www.datacenterdynamics.com/en/news/google-offers-its-tpus-to-ai-cloud-providers-report/), and is likely used by [Anthropic](https://www.anthropic.com/news/anthropic-invests-50-billion-in-american-ai-infrastructure).",4,313.0,273875.6947953512,10.27,542000000000000000000,6.98,3.29,0.0,Fluidstack Lake Mariner,19858.514401212735
2026-11-15,"Buildings 1-3 are operational. Based on the expected completion date reported by [local news](https://corridorbusiness.com/scope-of-qts-data-project-in-cedar-rapids-continuing-to-grow/): “A QTS spokesperson said in July [2025] that the first phase of the project was expected to be completed in late 2026.""",3,627.0,986732.3644680646,17.16,1.9527433492823e+21,11.66,5.5,,QTS Cedar Rapids,0
2026-12-01,"New [power stations](https://drive.google.com/file/d/1D4eUHwEuirNi0g3IU_xGOti3PcC8fcXi/view?usp=sharing) are in service for a 1.8 GW load at Holly Ridge. However, the data center is still not operational.",0,0.0,0.0,0.0,0,0.0,0.0,,Meta Hyperion,0
2026-12-01,"Building 1 and 2 are operational. The similar data center in Ajman, UAE was delayed by over a year, now due in December 2026 (compare [1](https://khaznadatacenters.com/press-release/khazna-expands-infrastructure-to-accelerate-uaes-leadership-in-artificial-intelligence/), [2](https://khaznadatacenters.com/press-release/khazna-announces-the-uaes-first-ai-optimized-data-center-and-the-largest-in-its-portfolio-powering-the-nations-drive-toward-ai-leadership/)). The buildings here looked 3-6 months behind the Ajman building as of November 2025, but they were moving faster. So we think Building 1 and 2 are on track for 200 MW by December 2026, along with the Ajman building.",2,280.0,252652.85497726125,7.67,500000000000000000000,5.21,2.46,,OpenAI Stargate UAE,0
2026-12-18,"Building 5 is operational. On 2026-01-18, Building 5 overall looked like where Building 4 was on 2024-12-14. Building 4 was estimated to be operational as of 2025-10-14. So assuming a similar timeline, Building 5 will be operational by 2026-12-18.",5,543.0,327943.4057604851,17.340563053,649000000000000000000,11.78178788,5.558775173,,Google New Albany,207175.3410813542
2027-01-01,"Building 1 is operational. An announcement on 2025-08-19 said ""the first building [is] scheduled for delivery in the second half of 2026."" In this context, ""delivery"" likely means the building shell is handed over to Vantage. We assume it takes 3-6 months after that for all of the chips to be installed, commissioned, and served by Oracle to OpenAI.",1,196.0,308236.4830722587,5.36,610000000000000000000,3.64,1.72,,OpenAI Stargate Shackelford,0
2027-01-24,Building 4 is operational. Expect a 4th building because there's enough land cleared for it. Assuming there's a foundation soon after 2025-09-25 and it takes a similar time to building 2.,4,379.0,220313.2895401718,12.098067249,436000000000000000000,8.219852012,3.878215237,,Google Omaha,65184.4365841334
2027-02-04,"Building 2 operational. This is based on (1) the delay between Building 1 and Building 2 starting land clearing, (2) in March 2025, a Microsoft spokesperson [said](https://www.wpr.org/news/microsoft-pauses-construction-on-parts-of-mount-pleasant-site-again) “fully on track” with the first phase , where “southern datacenter buildings complete, and preparation begins for operations” was [expected](https://local.microsoft.com/blog/mount-pleasant-datacenter-project-update/) by late 2026. Finally, while it's not 100% consistent with our estimates, MISO was [planning](https://cdn.misoenergy.org/NEW%20LOAD%20ANNOUNCEMENTS%20IN%20MISO%20REGIONS%2012062024684954.pdf) 1480 MW of load for Microsoft in Mount Pleasant in 2026.",2,1109.0,1117655.3815058111,35.41,2.21184e+21,24.06,11.35,,Microsoft Fairwater Wisconsin,0
2027-02-22,Building 2 is operational. Based on Google Omaha Building 3 taking about 14 months from starting the roof to operation.,2,209.0,202627.5896917635,6.67,401000000000000000000,4.53,2.14,,Google Cedar Rapids,0
2027-03-31,"Building 5 is operational. On February 26, Terawulf [stated](https://investors.terawulf.com/news-events/press-releases/detail/132/terawulf-reports-fourth-quarter-and-full-year-2025-results) that CB5 was expected to be energized by Q4 2026. However, based on the pace of Building 4, and comparisons to other projects like Stargate Abilene, we think this is optimistic. We expect a 3-month delay past the end of Q4 2026 to get to full operational capacity. This building is [leased](https://investors.terawulf.com/news-events/press-releases/detail/112/terawulf-signs-200-mw-10-year-ai-hosting-agreements-with) to Fluidstack, likely contains [Google TPUs](https://www.datacenterdynamics.com/en/news/google-offers-its-tpus-to-ai-cloud-providers-report/), and is likely used by [Anthropic](https://www.anthropic.com/news/anthropic-invests-50-billion-in-american-ai-infrastructure).",5,509.0,469429.0045477514,16.7,929000000000000000000,11.35,5.35,0.0,Fluidstack Lake Mariner,19858.514401212735
2027-05-15,Building 3 operational. Based on how long Building 1 took from land clearing to operation.,3,2219.0,3154582.3143001515,70.84,6.2429184e+21,48.13,22.71,,Microsoft Fairwater Wisconsin,0
2027-05-23,Building 3 is operational. Earlier satellite images suggest it was about 3 months behind Building 2.,3,314.0,313289.54017180396,10.01,620000000000000000000,6.8,3.21,,Google Cedar Rapids,0
2027-07-26,"Building 5 is operational. We expect a 5th building because there's enough land cleared for one. We assume a roughly 6-month delay between building operation, based on previous building estimates.",5,474.0,320363.82011116727,15.122584066,634000000000000000000,10.27481502,4.847769046,,Google Omaha,65184.4365841334
2027-08-31,Estimated construction completion date of Building 2. [Construction Project Filing](https://www.tdlr.texas.gov/TABS/Search/Project/TABS2026001234),2,179.2,154623.54724608388,4.9,306000000000000000000,3.33,1.57,,Vantage TX1,38706.417382516425
2027-09-17,Building 4 operational. Based on how long Building 1 took from land clearing to operation.,4,3328.0,5191509.247094492,106.25,1.02739968e+22,72.19,34.06,0.02313,Microsoft Fairwater Wisconsin,0
2027-09-17,"Building 1 operational. Based on the completion date to ""build-out an office and data hall"", stated in a [regulatory filing](https://www.tdlr.texas.gov/TABS/Search/Project/TABS2026008308).",1,470.0,737746.3365336028,12.879999999999999,1.46e+21,8.75,4.13,,Crusoe Abilene Expansion,0
2027-09-21,"Buildings 1-14 operational. Buildings 1-4 will likely take over 2 years on this site. By comparison, Buildings 1-7 at the New Carlisle site were completed in less than 1.5 years. Assuming a similar pace, we expect 10 additional buildings to take about 2 years after 2025-09-21. This aligns with [expected completion by 2027](https://www.datacenterdynamics.com/en/news/aws-confirmed-as-company-behind-10bn-mississippi-data-center-development/) and a [permit review document](https://opc.deq.state.ms.us/get_doc.aspx?dt=eparat&id=1747289) from 2025-06-25 for this site, stating the project will take “years” to build.",14,1008.0,633151.4393959525,32.18003827,1.25300669856459e+21,21.8642488,10.31578947,,Amazon Ridgeland,0
2027-10-01,"6 buildings are operational. This is based on:
1. A [regulatory filing](https://www.tdlr.texas.gov/TABS/Search/Project/TABS2026010861) for Building 6 with a completion date of 2027-07-30. Normally there is a follow-up filing for ""tenant improvement"" which involves building the interior, with a completion date 1-3 months after the initial filing.
2. A project deadline of EOY 2027 in the [original tax abatement agreement](https://www.co.armstrong.tx.us/upload/page/5361/Phase%201%20Tax%20Abatement%20Agreement%20-%20Signed.pdf)
3. The similar 8-building project in Abilene taking an estimated 2 years and 2 months.",6,1087.6,1657837.2482049519,32.38886367,3.2808599141976e+21,22.00613211,10.38273156,,Goodnight,0
2027-11-11,"Building 2 operational. Based on the completion date to ""build-out an office and data hall"", stated in a [regulatory filing](https://www.tdlr.texas.gov/TABS/Search/Project/TABS2026008308).",2,941.0,1480545.730166751,25.74,2.93e+21,17.49,8.25,,Crusoe Abilene Expansion,0
2027-11-15,"Buildings 4-7 are operational. Based on the expected completion date reported by [local news](https://corridorbusiness.com/scope-of-qts-data-project-in-cedar-rapids-continuing-to-grow/): “A QTS spokesperson said in July [2025] that [...] The second phase is expected to be completed in late 2027.""",7,1587.0,3518579.9217138807,43.42,6.96326966507177e+21,29.5,13.92,,QTS Cedar Rapids,0
2027-11-24,"Building 4 is operational, assuming a similar timeline to Building 1, and no overlap in timeline with Building 1. This brings the total capacity close to 600 MW, which is the load [requested from MISO](https://cdn.misoenergy.org/NEW%20LOAD%20ANNOUNCEMENTS%20IN%20MISO%20REGIONS%2012062024684954.pdf) for Google in Cedar Rapids.",4,418.0,525517.9383527033,13.350000000000001,1.04e+21,9.07,4.28,,Google Cedar Rapids,0
2028-01-01,"First phase is operational, based on a [Meta blog post](https://drive.google.com/file/d/1PmFNgOwkPepwjpGIbNUuPJP0LNgIqe7l/view?usp=sharing). We assume that this aligns with the three natural gas turbines being completed, for a total of 2262 MW capacity, but that these turbines have a backup role. This is close to the 1800 MW of load requested from the grid. Meta [claims](https://engineering.fb.com/2025/09/29/data-infrastructure/metas-infrastructure-evolution-and-the-advent-of-ai/) that ""The Hyperion cluster will have a 5-gigawatt capacity once complete"", but so far there is no concrete evidence for this happening at the Holly Ridge site alone.",9,2262.0,4152951.082055361,72.21000000000001,8.21869019138756e+21,49.06,23.15,,Meta Hyperion,0
2028-01-01,"1 GW of IT power is operational. We haven’t seen expansion beyond 200 MW as of November 2025. Optimistically, 8 more 100 MW buildings start construction in December 2025, in parallel, and take 1.5 years like the first two buildings, hitting 1 GW by Q3 2027. More realistically, there's some staggering of construction over several months, like Stargate Abilene. Our median estimate is January 2028.",10,1400.0,2021222.83981809,38.31,4e+21,26.03,12.28,,OpenAI Stargate UAE,0
2028-01-01,"Building 2 and 3 are operational at full capacity. This corresponds to ""Phase II"", which is [expected](https://investor.galaxy.com/news/news-details/2025/Galaxy-Announces-Third-Quarter-2025-Financial-Results/default.aspx) to be delivered ""throughout 2027"". We assume it takes until the end of 2027 to reach full capacity.",3,600.0,478655.30471056444,15.170000000000002,947258848022207000000,10.31,4.86,,Coreweave Helios,0
2028-05-22,"Building 5 is operational, assuming it's 6 months behind Building 4 (as Building 4 was to Building 3, and based on other Google data center timelines).",5,523.0,682162.7084386053,16.689999999999998,1.35e+21,11.34,5.35,,Google Cedar Rapids,0
2028-11-18,"Building 6 is operational, assuming it's 6 months behind Building 5 (as Building 4 was to Building 3, and based on other Google data center timelines).",6,627.0,1121778.6760990398,20.02,2.22e+21,13.6,6.42,,Google Cedar Rapids,0
2029-01-01,"Building 4 operational at full capacity. This corresponds to ""Phase III"", which is [expected](https://investor.galaxy.com/news/news-details/2025/Galaxy-Announces-Third-Quarter-2025-Financial-Results/default.aspx) to be delivered ""starting in 2028"". We assume it takes until the end of 2028 to reach full capacity.",4,800.0,638207.072947418,20.22,1.26301179736294e+21,13.74,6.48,,Coreweave Helios,0
2029-01-11,10 buildings are operational. Based on the time that the original Abilene site planned to take from land clearing (May 2024) to 2 GW (Nov 2027).,10,1960.0,4163719.050025265,53.629999999999995,8.24e+21,36.44,17.19,,OpenAI Stargate Shackelford,0
